{
    "overall": {
        "iou": 0.6726203034905827,
        "dice": 0.7952258919968325,
        "aji": 0.5196932124572239,
        "pq": 0.3606069294520033,
        "sq": 0.7384365923109926,
        "rq": 0.485140463833516
    },
    "tissue_metrics": {
        "human bladder": {
            "iou": 0.7312791148821512,
            "dice": 0.8447155952453613,
            "aji": 0.5786974425468394,
            "pq": 0.39905465859391825,
            "num_samples": 3
        },
        "human cardia": {
            "iou": 0.7237657010555267,
            "dice": 0.8380889296531677,
            "aji": 0.4811062362444558,
            "pq": 0.23092630715816767,
            "num_samples": 4
        },
        "human cerebellum": {
            "iou": 0.7960413098335266,
            "dice": 0.8864382207393646,
            "aji": 0.6458165217898462,
            "pq": 0.4581906516017626,
            "num_samples": 2
        },
        "human epiglottis": {
            "iou": 0.778459370136261,
            "dice": 0.871566653251648,
            "aji": 0.704290721698331,
            "pq": 0.6031355938831892,
            "num_samples": 2
        },
        "human jejunum": {
            "iou": 0.758509486913681,
            "dice": 0.8626669347286224,
            "aji": 0.24171130504730387,
            "pq": 0.1814867099104196,
            "num_samples": 2
        },
        "human kidney": {
            "iou": 0.8181188106536865,
            "dice": 0.8999534845352173,
            "aji": 0.4342522419502153,
            "pq": 0.2589659109625483,
            "num_samples": 2
        },
        "human liver": {
            "iou": 0.7296687563260397,
            "dice": 0.8430923819541931,
            "aji": 0.5937475299103675,
            "pq": 0.43245959635743964,
            "num_samples": 12
        },
        "human lung": {
            "iou": 0.7621659636497498,
            "dice": 0.8650331497192383,
            "aji": 0.5999555382648808,
            "pq": 0.4016379706793182,
            "num_samples": 1
        },
        "human melanoma": {
            "iou": 0.519369512796402,
            "dice": 0.6835730373859406,
            "aji": 0.4210534334442908,
            "pq": 0.24692668395247225,
            "num_samples": 2
        },
        "human muscle": {
            "iou": 0.43448153138160706,
            "dice": 0.6057680249214172,
            "aji": 0.667849344978166,
            "pq": 0.35622938066006204,
            "num_samples": 1
        },
        "human oesophagus": {
            "iou": 0.7935716576046414,
            "dice": 0.8842249313990275,
            "aji": 0.6473983767107858,
            "pq": 0.5501108986909147,
            "num_samples": 9
        },
        "human pancreas": {
            "iou": 0.7249550422032675,
            "dice": 0.8398849219083786,
            "aji": 0.5721391762875547,
            "pq": 0.40746240164123865,
            "num_samples": 12
        },
        "human peritoneum": {
            "iou": 0.6199133992195129,
            "dice": 0.7630960941314697,
            "aji": 0.5566511104609725,
            "pq": 0.36713285762166403,
            "num_samples": 2
        },
        "human placenta": {
            "iou": 0.8135355644755893,
            "dice": 0.8952567246225145,
            "aji": 0.4981556716445536,
            "pq": 0.35461309930790036,
            "num_samples": 9
        },
        "human pylorus": {
            "iou": 0.7785873711109161,
            "dice": 0.8751616775989532,
            "aji": 0.6298050662479031,
            "pq": 0.4271346142820325,
            "num_samples": 2
        },
        "human salivory gland": {
            "iou": 0.7015360792477926,
            "dice": 0.822817325592041,
            "aji": 0.4531269608838169,
            "pq": 0.3206239988813675,
            "num_samples": 6
        },
        "human spleen": {
            "iou": 0.7332563519477844,
            "dice": 0.8452796101570129,
            "aji": 0.4376785121992056,
            "pq": 0.2706392933511756,
            "num_samples": 10
        },
        "human testis": {
            "iou": 0.6672892570495605,
            "dice": 0.8004450798034668,
            "aji": 0.6580544853734234,
            "pq": 0.537865686278713,
            "num_samples": 2
        },
        "human tongue": {
            "iou": 0.7260317981243134,
            "dice": 0.8351258397102356,
            "aji": 0.5378814407680913,
            "pq": 0.41957919017520606,
            "num_samples": 5
        },
        "human tonsile": {
            "iou": 0.6507472991943359,
            "dice": 0.7884275317192078,
            "aji": 0.5427493298780427,
            "pq": 0.25011622045694487,
            "num_samples": 1
        },
        "human umbilical cord": {
            "iou": 0.4619814058144887,
            "dice": 0.63135693470637,
            "aji": 0.4498782602709257,
            "pq": 0.17483870159744686,
            "num_samples": 3
        },
        "mouse fat (white and brown)_subscapula": {
            "iou": 0.47773008942604067,
            "dice": 0.6374493479728699,
            "aji": 0.5714493464369993,
            "pq": 0.39552650737334405,
            "num_samples": 5
        },
        "mouse femur": {
            "iou": 0.5562109500169754,
            "dice": 0.7128050923347473,
            "aji": 0.5038151151375589,
            "pq": 0.21834272321794573,
            "num_samples": 2
        },
        "mouse heart": {
            "iou": 0.4855247338612874,
            "dice": 0.6517424980799357,
            "aji": 0.48248757183773855,
            "pq": 0.24360524587220508,
            "num_samples": 3
        },
        "mouse kidney": {
            "iou": 0.6153344064950943,
            "dice": 0.7588710710406303,
            "aji": 0.5896673349952986,
            "pq": 0.45614668340051134,
            "num_samples": 8
        },
        "mouse liver": {
            "iou": 0.4350278576215108,
            "dice": 0.5948305759165022,
            "aji": 0.5454111643226313,
            "pq": 0.3568234779503869,
            "num_samples": 9
        },
        "mouse muscle_tibia": {
            "iou": 0.528651054416384,
            "dice": 0.6802238779408591,
            "aji": 0.5450325526270202,
            "pq": 0.41227209715342,
            "num_samples": 7
        },
        "mouse spleen": {
            "iou": 0.6974031229813894,
            "dice": 0.8210285703341166,
            "aji": 0.19006508999957242,
            "pq": 0.08526865370043701,
            "num_samples": 6
        },
        "mouse thymus": {
            "iou": 0.7388455271720886,
            "dice": 0.8498106896877289,
            "aji": 0.1276680923783597,
            "pq": 0.07671716048845642,
            "num_samples": 2
        }
    },
    "evaluation_args": {
        "data_dir": "NuInsSeg",
        "image_size": 1024,
        "num_workers": 4,
        "model_path": "output_lora_optimal/fold_1/best_model.pth",
        "batch_size": 4,
        "threshold": 0.5,
        "output_dir": "evaluation_lora_optimal/fold_1",
        "visualize": true,
        "num_visualizations": 20,
        "plot": true,
        "seed": 42,
        "mode": "evaluate"
    }
}