{
    "overall": {
        "iou": 0.6757580041885376,
        "dice": 0.7982128297581392,
        "aji": 0.5161549598032048,
        "pq": 0.35771509068961244,
        "sq": 0.7395174039955278,
        "rq": 0.48002076783665115
    },
    "tissue_metrics": {
        "human bladder": {
            "iou": 0.7495964566866556,
            "dice": 0.8567626674969991,
            "aji": 0.5603546171246161,
            "pq": 0.4028043504651113,
            "num_samples": 3
        },
        "human cardia": {
            "iou": 0.7183724492788315,
            "dice": 0.833932489156723,
            "aji": 0.4681506658833379,
            "pq": 0.22790963468461978,
            "num_samples": 4
        },
        "human cerebellum": {
            "iou": 0.7838156819343567,
            "dice": 0.878590315580368,
            "aji": 0.6285286496240856,
            "pq": 0.4575465302836481,
            "num_samples": 2
        },
        "human epiglottis": {
            "iou": 0.7914181053638458,
            "dice": 0.880106657743454,
            "aji": 0.7154331127341698,
            "pq": 0.5844501437956171,
            "num_samples": 2
        },
        "human jejunum": {
            "iou": 0.7525720298290253,
            "dice": 0.8587714731693268,
            "aji": 0.22266319086858433,
            "pq": 0.167846066844081,
            "num_samples": 2
        },
        "human kidney": {
            "iou": 0.8210886716842651,
            "dice": 0.9017491340637207,
            "aji": 0.41975240800820374,
            "pq": 0.2497871433389873,
            "num_samples": 2
        },
        "human liver": {
            "iou": 0.7220803201198578,
            "dice": 0.8378962079683939,
            "aji": 0.5895215866149371,
            "pq": 0.4273263228195627,
            "num_samples": 12
        },
        "human lung": {
            "iou": 0.7598758935928345,
            "dice": 0.8635562062263489,
            "aji": 0.599755887157462,
            "pq": 0.38538944288164934,
            "num_samples": 1
        },
        "human melanoma": {
            "iou": 0.6114861369132996,
            "dice": 0.7576084136962891,
            "aji": 0.510678953029545,
            "pq": 0.2870733173786575,
            "num_samples": 2
        },
        "human muscle": {
            "iou": 0.46550002694129944,
            "dice": 0.6352781057357788,
            "aji": 0.6196357382943798,
            "pq": 0.3475578487315431,
            "num_samples": 1
        },
        "human oesophagus": {
            "iou": 0.7947158151202731,
            "dice": 0.8848315940962898,
            "aji": 0.6456428919137438,
            "pq": 0.5365411995637888,
            "num_samples": 9
        },
        "human pancreas": {
            "iou": 0.7245550354321798,
            "dice": 0.839779794216156,
            "aji": 0.574431647788903,
            "pq": 0.40821785877268346,
            "num_samples": 12
        },
        "human peritoneum": {
            "iou": 0.5916993916034698,
            "dice": 0.7430035471916199,
            "aji": 0.5462999370700308,
            "pq": 0.35924841244195305,
            "num_samples": 2
        },
        "human placenta": {
            "iou": 0.8240495853953891,
            "dice": 0.9029110603862338,
            "aji": 0.501665651513461,
            "pq": 0.3605128496381403,
            "num_samples": 9
        },
        "human pylorus": {
            "iou": 0.7812665700912476,
            "dice": 0.8770104050636292,
            "aji": 0.6209808382190334,
            "pq": 0.41776089415087986,
            "num_samples": 2
        },
        "human salivory gland": {
            "iou": 0.7002545694510142,
            "dice": 0.8220186432202657,
            "aji": 0.42721413563369776,
            "pq": 0.28847151555127276,
            "num_samples": 6
        },
        "human spleen": {
            "iou": 0.7257889032363891,
            "dice": 0.8401476502418518,
            "aji": 0.4202820517794015,
            "pq": 0.2602673619480424,
            "num_samples": 10
        },
        "human testis": {
            "iou": 0.634474366903305,
            "dice": 0.7763595283031464,
            "aji": 0.6030495638189513,
            "pq": 0.5277339240358974,
            "num_samples": 2
        },
        "human tongue": {
            "iou": 0.7194596290588379,
            "dice": 0.8309084057807923,
            "aji": 0.5528278235580698,
            "pq": 0.4318182682473391,
            "num_samples": 5
        },
        "human tonsile": {
            "iou": 0.6614509224891663,
            "dice": 0.7962328791618347,
            "aji": 0.49486492371823076,
            "pq": 0.2559479766278781,
            "num_samples": 1
        },
        "human umbilical cord": {
            "iou": 0.4589861234029134,
            "dice": 0.6289692918459574,
            "aji": 0.4542189493079741,
            "pq": 0.17296179426839722,
            "num_samples": 3
        },
        "mouse fat (white and brown)_subscapula": {
            "iou": 0.5169144749641419,
            "dice": 0.6708572268486023,
            "aji": 0.6212641552218858,
            "pq": 0.44447957973621877,
            "num_samples": 5
        },
        "mouse femur": {
            "iou": 0.6002622544765472,
            "dice": 0.7493184506893158,
            "aji": 0.5097019833687575,
            "pq": 0.23707145362961854,
            "num_samples": 2
        },
        "mouse heart": {
            "iou": 0.46986138820648193,
            "dice": 0.6364104549090067,
            "aji": 0.4585754448797481,
            "pq": 0.22217210987178126,
            "num_samples": 3
        },
        "mouse kidney": {
            "iou": 0.6141606569290161,
            "dice": 0.7581432685256004,
            "aji": 0.5927704130040168,
            "pq": 0.4668068639545091,
            "num_samples": 8
        },
        "mouse liver": {
            "iou": 0.4361863434314728,
            "dice": 0.5981530646483103,
            "aji": 0.5421076774022626,
            "pq": 0.33954464799591183,
            "num_samples": 9
        },
        "mouse muscle_tibia": {
            "iou": 0.5475091721330371,
            "dice": 0.6971543942178998,
            "aji": 0.5539846873710407,
            "pq": 0.4089014518568693,
            "num_samples": 7
        },
        "mouse spleen": {
            "iou": 0.7044751544793447,
            "dice": 0.8262959420681,
            "aji": 0.16029236187944582,
            "pq": 0.08001866774025398,
            "num_samples": 6
        },
        "mouse thymus": {
            "iou": 0.7388916015625,
            "dice": 0.8498352766036987,
            "aji": 0.1068603903964612,
            "pq": 0.05732516107245925,
            "num_samples": 2
        }
    },
    "evaluation_args": {
        "data_dir": "NuInsSeg",
        "image_size": 1024,
        "num_workers": 4,
        "model_path": "output_lora_optimal/fold_3/best_model.pth",
        "batch_size": 4,
        "threshold": 0.5,
        "output_dir": "evaluation_lora_optimal/fold_3",
        "visualize": true,
        "num_visualizations": 20,
        "plot": true,
        "seed": 42,
        "mode": "evaluate"
    }
}