{
    "overall": {
        "iou": 0.671227960025563,
        "dice": 0.7938342409975389,
        "aji": 0.5201005478260228,
        "pq": 0.35956980471152145,
        "sq": 0.7392813895887551,
        "rq": 0.4831943844830676
    },
    "tissue_metrics": {
        "human bladder": {
            "iou": 0.724867562452952,
            "dice": 0.8404752016067505,
            "aji": 0.5758827471244871,
            "pq": 0.3955406474083758,
            "num_samples": 3
        },
        "human cardia": {
            "iou": 0.7118468433618546,
            "dice": 0.8293929696083069,
            "aji": 0.49466896971305363,
            "pq": 0.2520075352795442,
            "num_samples": 4
        },
        "human cerebellum": {
            "iou": 0.791635274887085,
            "dice": 0.8836906254291534,
            "aji": 0.6367156837405568,
            "pq": 0.45537938616562756,
            "num_samples": 2
        },
        "human epiglottis": {
            "iou": 0.7899060547351837,
            "dice": 0.8798386454582214,
            "aji": 0.713100405526699,
            "pq": 0.6155867062096041,
            "num_samples": 2
        },
        "human jejunum": {
            "iou": 0.7506053745746613,
            "dice": 0.8575310111045837,
            "aji": 0.22703364536107823,
            "pq": 0.16167785741437862,
            "num_samples": 2
        },
        "human kidney": {
            "iou": 0.8184942007064819,
            "dice": 0.9001607000827789,
            "aji": 0.4285234249715487,
            "pq": 0.2511241375866649,
            "num_samples": 2
        },
        "human liver": {
            "iou": 0.7319228400786718,
            "dice": 0.8444819202025732,
            "aji": 0.5925162347258756,
            "pq": 0.4347504302723281,
            "num_samples": 12
        },
        "human lung": {
            "iou": 0.7495551705360413,
            "dice": 0.8568522930145264,
            "aji": 0.5883293004442197,
            "pq": 0.4127111997008419,
            "num_samples": 1
        },
        "human melanoma": {
            "iou": 0.5658456236124039,
            "dice": 0.7187834978103638,
            "aji": 0.4764839455273572,
            "pq": 0.2736209561884919,
            "num_samples": 2
        },
        "human muscle": {
            "iou": 0.4864068329334259,
            "dice": 0.6544733643531799,
            "aji": 0.6350714622271085,
            "pq": 0.35610333125743016,
            "num_samples": 1
        },
        "human oesophagus": {
            "iou": 0.7928793032964071,
            "dice": 0.8836355805397034,
            "aji": 0.6502583390343015,
            "pq": 0.5513114369614945,
            "num_samples": 9
        },
        "human pancreas": {
            "iou": 0.723909263809522,
            "dice": 0.8392704725265503,
            "aji": 0.5770416305143778,
            "pq": 0.4135798968845146,
            "num_samples": 12
        },
        "human peritoneum": {
            "iou": 0.6074546873569489,
            "dice": 0.7546820342540741,
            "aji": 0.5512215640945843,
            "pq": 0.3700318843243309,
            "num_samples": 2
        },
        "human placenta": {
            "iou": 0.8082875410715739,
            "dice": 0.8914636373519897,
            "aji": 0.4911663135118556,
            "pq": 0.34597537029502834,
            "num_samples": 9
        },
        "human pylorus": {
            "iou": 0.7991128861904144,
            "dice": 0.8882523477077484,
            "aji": 0.6310731049037979,
            "pq": 0.4324691723879468,
            "num_samples": 2
        },
        "human salivory gland": {
            "iou": 0.7132544020811716,
            "dice": 0.831764151652654,
            "aji": 0.4471206317730627,
            "pq": 0.30221563211871033,
            "num_samples": 6
        },
        "human spleen": {
            "iou": 0.738016551733017,
            "dice": 0.848465496301651,
            "aji": 0.4484525517368489,
            "pq": 0.28114520966631074,
            "num_samples": 10
        },
        "human testis": {
            "iou": 0.6294248700141907,
            "dice": 0.7718478441238403,
            "aji": 0.6566859508939333,
            "pq": 0.5217761427494876,
            "num_samples": 2
        },
        "human tongue": {
            "iou": 0.7240230679512024,
            "dice": 0.8353588223457337,
            "aji": 0.5508059144380596,
            "pq": 0.4147633625659064,
            "num_samples": 5
        },
        "human tonsile": {
            "iou": 0.6686285138130188,
            "dice": 0.8014108538627625,
            "aji": 0.5297719462667916,
            "pq": 0.2617957339875162,
            "num_samples": 1
        },
        "human umbilical cord": {
            "iou": 0.4044697781403859,
            "dice": 0.5713509718577067,
            "aji": 0.42112920816609084,
            "pq": 0.11883123982511289,
            "num_samples": 3
        },
        "mouse fat (white and brown)_subscapula": {
            "iou": 0.44949358105659487,
            "dice": 0.6081673204898834,
            "aji": 0.5659560260671186,
            "pq": 0.37447310659382105,
            "num_samples": 5
        },
        "mouse femur": {
            "iou": 0.5641826689243317,
            "dice": 0.7197363078594208,
            "aji": 0.5147838384797293,
            "pq": 0.23463625945276528,
            "num_samples": 2
        },
        "mouse heart": {
            "iou": 0.4600296417872111,
            "dice": 0.6273383100827535,
            "aji": 0.47702822534849637,
            "pq": 0.2069111333834327,
            "num_samples": 3
        },
        "mouse kidney": {
            "iou": 0.600159078836441,
            "dice": 0.7469122633337975,
            "aji": 0.5858647947575638,
            "pq": 0.4554725494354465,
            "num_samples": 8
        },
        "mouse liver": {
            "iou": 0.45721786883142257,
            "dice": 0.6182797782950931,
            "aji": 0.5583713904739,
            "pq": 0.3726768935611572,
            "num_samples": 9
        },
        "mouse muscle_tibia": {
            "iou": 0.5283775159290859,
            "dice": 0.6776726458753858,
            "aji": 0.536983049772439,
            "pq": 0.41123060986903487,
            "num_samples": 7
        },
        "mouse spleen": {
            "iou": 0.7005532582600912,
            "dice": 0.8233391543229421,
            "aji": 0.18136756103735951,
            "pq": 0.08029647786612402,
            "num_samples": 6
        },
        "mouse thymus": {
            "iou": 0.7365973591804504,
            "dice": 0.8483181893825531,
            "aji": 0.12516914934643855,
            "pq": 0.0812601791458762,
            "num_samples": 2
        }
    },
    "evaluation_args": {
        "data_dir": "NuInsSeg",
        "image_size": 1024,
        "num_workers": 4,
        "model_path": "output_lora_optimal/fold_4/best_model.pth",
        "batch_size": 4,
        "threshold": 0.5,
        "output_dir": "evaluation_lora_optimal/fold_4",
        "visualize": true,
        "num_visualizations": 20,
        "plot": true,
        "seed": 42,
        "mode": "evaluate"
    }
}