{
    "overall": {
        "iou": 0.6782667969956118,
        "dice": 0.8010219388148364,
        "aji": 0.5122428876984103,
        "pq": 0.3536976728470811,
        "sq": 0.7365048696864337,
        "rq": 0.47704573913011433
    },
    "tissue_metrics": {
        "human bladder": {
            "iou": 0.7414878209431967,
            "dice": 0.8513083855311075,
            "aji": 0.5760024933114917,
            "pq": 0.4136156089147534,
            "num_samples": 3
        },
        "human cardia": {
            "iou": 0.7124811410903931,
            "dice": 0.829615905880928,
            "aji": 0.4700353693269076,
            "pq": 0.21745896530116865,
            "num_samples": 4
        },
        "human cerebellum": {
            "iou": 0.7982724010944366,
            "dice": 0.8877934515476227,
            "aji": 0.633953790217723,
            "pq": 0.4441569668524361,
            "num_samples": 2
        },
        "human epiglottis": {
            "iou": 0.7787720561027527,
            "dice": 0.8710480630397797,
            "aji": 0.7044544411509792,
            "pq": 0.5713734700734519,
            "num_samples": 2
        },
        "human jejunum": {
            "iou": 0.7492603063583374,
            "dice": 0.8566259145736694,
            "aji": 0.2144861578570116,
            "pq": 0.15687369063024642,
            "num_samples": 2
        },
        "human kidney": {
            "iou": 0.8228076994419098,
            "dice": 0.9027912616729736,
            "aji": 0.4126037790301038,
            "pq": 0.2486433977462051,
            "num_samples": 2
        },
        "human liver": {
            "iou": 0.7276393423477808,
            "dice": 0.8415826708078384,
            "aji": 0.5785171889012971,
            "pq": 0.41880895188060435,
            "num_samples": 12
        },
        "human lung": {
            "iou": 0.735300600528717,
            "dice": 0.8474619388580322,
            "aji": 0.5765144585942447,
            "pq": 0.38550329259689253,
            "num_samples": 1
        },
        "human melanoma": {
            "iou": 0.5055986642837524,
            "dice": 0.6705209612846375,
            "aji": 0.4174787199110909,
            "pq": 0.24915397635694334,
            "num_samples": 2
        },
        "human muscle": {
            "iou": 0.41744402050971985,
            "dice": 0.5890095233917236,
            "aji": 0.6014784946236559,
            "pq": 0.32543422777461817,
            "num_samples": 1
        },
        "human oesophagus": {
            "iou": 0.790107336309221,
            "dice": 0.8820252087381151,
            "aji": 0.6434877022702171,
            "pq": 0.5352115529451498,
            "num_samples": 9
        },
        "human pancreas": {
            "iou": 0.7209420402844747,
            "dice": 0.8371656984090805,
            "aji": 0.5701550565572292,
            "pq": 0.4031446106755656,
            "num_samples": 12
        },
        "human peritoneum": {
            "iou": 0.5916836559772491,
            "dice": 0.7428251802921295,
            "aji": 0.5383710385727517,
            "pq": 0.3500133143116152,
            "num_samples": 2
        },
        "human placenta": {
            "iou": 0.8249757223659091,
            "dice": 0.903332167201572,
            "aji": 0.4873320577171185,
            "pq": 0.34263828233505556,
            "num_samples": 9
        },
        "human pylorus": {
            "iou": 0.7809563875198364,
            "dice": 0.8768278658390045,
            "aji": 0.6086861962124646,
            "pq": 0.39286088831361676,
            "num_samples": 2
        },
        "human salivory gland": {
            "iou": 0.6973815858364105,
            "dice": 0.8202386399110159,
            "aji": 0.4271021811554927,
            "pq": 0.2906322329353516,
            "num_samples": 6
        },
        "human spleen": {
            "iou": 0.734288889169693,
            "dice": 0.846053957939148,
            "aji": 0.4087031721841323,
            "pq": 0.2562245983427849,
            "num_samples": 10
        },
        "human testis": {
            "iou": 0.6223637759685516,
            "dice": 0.7668300271034241,
            "aji": 0.6485814209346467,
            "pq": 0.5299007772637432,
            "num_samples": 2
        },
        "human tongue": {
            "iou": 0.7170984268188476,
            "dice": 0.8297964334487915,
            "aji": 0.5383102996894903,
            "pq": 0.42156452267056765,
            "num_samples": 5
        },
        "human tonsile": {
            "iou": 0.6722185611724854,
            "dice": 0.8039841055870056,
            "aji": 0.516432265236093,
            "pq": 0.23820677935173126,
            "num_samples": 1
        },
        "human umbilical cord": {
            "iou": 0.4782695571581523,
            "dice": 0.6466413935025533,
            "aji": 0.4750283709999537,
            "pq": 0.16598706375085762,
            "num_samples": 3
        },
        "mouse fat (white and brown)_subscapula": {
            "iou": 0.49518704414367676,
            "dice": 0.6569662809371948,
            "aji": 0.5857920745946876,
            "pq": 0.4021237363524118,
            "num_samples": 5
        },
        "mouse femur": {
            "iou": 0.5840892493724823,
            "dice": 0.7359368205070496,
            "aji": 0.510354053277677,
            "pq": 0.2401691664377463,
            "num_samples": 2
        },
        "mouse heart": {
            "iou": 0.4743667542934418,
            "dice": 0.6412359674771627,
            "aji": 0.44180257266803896,
            "pq": 0.21941043414188946,
            "num_samples": 3
        },
        "mouse kidney": {
            "iou": 0.6086000725626945,
            "dice": 0.7538360431790352,
            "aji": 0.5741632447241238,
            "pq": 0.4365196592052543,
            "num_samples": 8
        },
        "mouse liver": {
            "iou": 0.5235533946090274,
            "dice": 0.6768823232915666,
            "aji": 0.6038260579407067,
            "pq": 0.4225319375119168,
            "num_samples": 9
        },
        "mouse muscle_tibia": {
            "iou": 0.5384088797228677,
            "dice": 0.6919706123215812,
            "aji": 0.5541745045162487,
            "pq": 0.39995984852997457,
            "num_samples": 7
        },
        "mouse spleen": {
            "iou": 0.7087929844856262,
            "dice": 0.8293472230434418,
            "aji": 0.14851849619640328,
            "pq": 0.07307741034384903,
            "num_samples": 6
        },
        "mouse thymus": {
            "iou": 0.7377547025680542,
            "dice": 0.8490724563598633,
            "aji": 0.08993314846149678,
            "pq": 0.04573866340674635,
            "num_samples": 2
        }
    },
    "evaluation_args": {
        "data_dir": "NuInsSeg",
        "image_size": 1024,
        "num_workers": 4,
        "model_path": "output_lora_optimal/fold_2/best_model.pth",
        "batch_size": 4,
        "threshold": 0.5,
        "output_dir": "evaluation_lora_optimal/fold_2",
        "visualize": true,
        "num_visualizations": 20,
        "plot": true,
        "seed": 42,
        "mode": "evaluate"
    }
}