{
    "overall": {
        "iou": 0.6736052229123957,
        "dice": 0.7957286151016459,
        "aji": 0.5208767375480422,
        "pq": 0.3578770194303036,
        "sq": 0.7381335396313556,
        "rq": 0.4809309860734312
    },
    "tissue_metrics": {
        "human bladder": {
            "iou": 0.7356659968694051,
            "dice": 0.8476698597272238,
            "aji": 0.5658152305089051,
            "pq": 0.3900126461382755,
            "num_samples": 3
        },
        "human cardia": {
            "iou": 0.7181306928396225,
            "dice": 0.8336255103349686,
            "aji": 0.4727420872255398,
            "pq": 0.23957197056859308,
            "num_samples": 4
        },
        "human cerebellum": {
            "iou": 0.7881472706794739,
            "dice": 0.8815153539180756,
            "aji": 0.6411122013058737,
            "pq": 0.45989470581881264,
            "num_samples": 2
        },
        "human epiglottis": {
            "iou": 0.7551911473274231,
            "dice": 0.8568808138370514,
            "aji": 0.6828633471866226,
            "pq": 0.48382438992129706,
            "num_samples": 2
        },
        "human jejunum": {
            "iou": 0.752607136964798,
            "dice": 0.8587751388549805,
            "aji": 0.2241956042189257,
            "pq": 0.16448993438468582,
            "num_samples": 2
        },
        "human kidney": {
            "iou": 0.8165638446807861,
            "dice": 0.8990072906017303,
            "aji": 0.4159250870900297,
            "pq": 0.2417665258656695,
            "num_samples": 2
        },
        "human liver": {
            "iou": 0.7278550565242767,
            "dice": 0.841908464829127,
            "aji": 0.5909089285400727,
            "pq": 0.42842813528668966,
            "num_samples": 12
        },
        "human lung": {
            "iou": 0.7371094822883606,
            "dice": 0.8486620783805847,
            "aji": 0.5773132167418538,
            "pq": 0.3811702571137821,
            "num_samples": 1
        },
        "human melanoma": {
            "iou": 0.5986260175704956,
            "dice": 0.7480308711528778,
            "aji": 0.5055458726929856,
            "pq": 0.266026290361511,
            "num_samples": 2
        },
        "human muscle": {
            "iou": 0.40296512842178345,
            "dice": 0.5744478106498718,
            "aji": 0.8016455696202531,
            "pq": 0.3218526756777042,
            "num_samples": 1
        },
        "human oesophagus": {
            "iou": 0.7971084780163236,
            "dice": 0.886471152305603,
            "aji": 0.6507365993527315,
            "pq": 0.5425076223293148,
            "num_samples": 9
        },
        "human pancreas": {
            "iou": 0.7196478992700577,
            "dice": 0.8362982471783956,
            "aji": 0.5686224858605363,
            "pq": 0.41116446816971974,
            "num_samples": 12
        },
        "human peritoneum": {
            "iou": 0.598894864320755,
            "dice": 0.7461467981338501,
            "aji": 0.5588467300519662,
            "pq": 0.3436842757328976,
            "num_samples": 2
        },
        "human placenta": {
            "iou": 0.8250328103701273,
            "dice": 0.9034209185176425,
            "aji": 0.5048922568733247,
            "pq": 0.36462545630962906,
            "num_samples": 9
        },
        "human pylorus": {
            "iou": 0.7882113456726074,
            "dice": 0.8814623355865479,
            "aji": 0.6220387848612906,
            "pq": 0.40890015032860016,
            "num_samples": 2
        },
        "human salivory gland": {
            "iou": 0.7022093534469604,
            "dice": 0.8235193689664205,
            "aji": 0.44722197862102114,
            "pq": 0.3171603377401118,
            "num_samples": 6
        },
        "human spleen": {
            "iou": 0.735558158159256,
            "dice": 0.8467807233333587,
            "aji": 0.4337737917486921,
            "pq": 0.27026228493788385,
            "num_samples": 10
        },
        "human testis": {
            "iou": 0.666049987077713,
            "dice": 0.7995463907718658,
            "aji": 0.6540500109042433,
            "pq": 0.5656658723052402,
            "num_samples": 2
        },
        "human tongue": {
            "iou": 0.7269789516925812,
            "dice": 0.8354487180709839,
            "aji": 0.536240433852036,
            "pq": 0.41589299093492454,
            "num_samples": 5
        },
        "human tonsile": {
            "iou": 0.6651032567024231,
            "dice": 0.7988733053207397,
            "aji": 0.5487139906018025,
            "pq": 0.2860049896513885,
            "num_samples": 1
        },
        "human umbilical cord": {
            "iou": 0.4029232660929362,
            "dice": 0.5631373325983683,
            "aji": 0.43178999725473527,
            "pq": 0.1275170688503858,
            "num_samples": 3
        },
        "mouse fat (white and brown)_subscapula": {
            "iou": 0.483682256937027,
            "dice": 0.6455763339996338,
            "aji": 0.6043636163691953,
            "pq": 0.4091146978250544,
            "num_samples": 5
        },
        "mouse femur": {
            "iou": 0.6013606190681458,
            "dice": 0.7501436769962311,
            "aji": 0.5357514100533096,
            "pq": 0.2530170307087598,
            "num_samples": 2
        },
        "mouse heart": {
            "iou": 0.46423040827115375,
            "dice": 0.630007008711497,
            "aji": 0.48327390988730823,
            "pq": 0.23958081435116843,
            "num_samples": 3
        },
        "mouse kidney": {
            "iou": 0.6066088229417801,
            "dice": 0.7524156123399734,
            "aji": 0.5963581309179471,
            "pq": 0.45832714318671886,
            "num_samples": 8
        },
        "mouse liver": {
            "iou": 0.4397303793165419,
            "dice": 0.5984261234601339,
            "aji": 0.5437708265561201,
            "pq": 0.3667802334699082,
            "num_samples": 9
        },
        "mouse muscle_tibia": {
            "iou": 0.5423943315233503,
            "dice": 0.6948268754141671,
            "aji": 0.5512069566812464,
            "pq": 0.392707375730821,
            "num_samples": 7
        },
        "mouse spleen": {
            "iou": 0.7132744292418162,
            "dice": 0.8324858645598093,
            "aji": 0.17404646448182348,
            "pq": 0.08619485460804388,
            "num_samples": 6
        },
        "mouse thymus": {
            "iou": 0.7394102811813354,
            "dice": 0.8501769304275513,
            "aji": 0.12444475335945679,
            "pq": 0.07932129336762422,
            "num_samples": 2
        }
    },
    "evaluation_args": {
        "data_dir": "NuInsSeg",
        "image_size": 1024,
        "num_workers": 4,
        "model_path": "output_lora_optimal/fold_5/best_model.pth",
        "batch_size": 4,
        "threshold": 0.5,
        "output_dir": "evaluation_lora_optimal/fold_5",
        "visualize": true,
        "num_visualizations": 20,
        "plot": true,
        "seed": 42,
        "mode": "evaluate"
    }
}